Diaphuong,Soluong,Date,New,Thang,Ngay
BINHDUONG,0,27-04-2021,0,4,27
DONGNAI,0,27-04-2021,0,4,27
DP.KHAC,0,27-04-2021,1,4,27
HANOI,0,27-04-2021,0,4,27
HOCHIMINH,0,27-04-2021,0,4,27
LONGAN,0,27-04-2021,0,4,27
BINHDUONG,0,28-04-2021,0,4,28
DONGNAI,0,28-04-2021,0,4,28
DP.KHAC,1,28-04-2021,0,4,28
HANOI,0,28-04-2021,0,4,28
HOCHIMINH,0,28-04-2021,0,4,28
BINHDUONG,0,01-05-2021,0,5,1
DONGNAI,0,01-05-2021,0,5,1
DP.KHAC,11,01-05-2021,2,5,1
HANOI,3,01-05-2021,0,5,1
HOCHIMINH,1,01-05-2021,0,5,1
LONGAN,0,01-05-2021,0,5,1
BINHDUONG,0,02-05-2021,0,5,2
DONGNAI,0,02-05-2021,0,5,2
DP.KHAC,14,02-05-2021,3,5,2
HANOI,3,02-05-2021,0,5,2
HOCHIMINH,1,02-05-2021,0,5,2
LONGAN,0,02-05-2021,0,5,2
BINHDUONG,0,03-05-2021,0,5,3
DONGNAI,0,03-05-2021,0,5,3
DP.KHAC,26,03-05-2021,12,5,3
HANOI,3,03-05-2021,0,5,3
HOCHIMINH,1,03-05-2021,0,5,3
LONGAN,0,03-05-2021,0,5,3
BINHDUONG,0,04-05-2021,0,5,4
DONGNAI,0,04-05-2021,0,5,4
DP.KHAC,32,04-05-2021,6,5,4
HANOI,4,04-05-2021,1,5,4
HOCHIMINH,1,04-05-2021,0,5,4
LONGAN,0,04-05-2021,0,5,4
BINHDUONG,0,05-05-2021,0,5,5
DONGNAI,1,05-05-2021,1,5,5
DP.KHAC,34,05-05-2021,2,5,5
HANOI,5,05-05-2021,1,5,5
HOCHIMINH,1,05-05-2021,0,5,5
LONGAN,0,05-05-2021,0,5,5
BINHDUONG,0,06-05-2021,0,5,6
DONGNAI,1,06-05-2021,0,5,6
DP.KHAC,68,06-05-2021,34,5,6
HANOI,48,06-05-2021,43,5,6
HOCHIMINH,1,06-05-2021,0,5,6
LONGAN,0,06-05-2021,0,5,6
BINHDUONG,0,07-05-2021,0,5,7
DONGNAI,1,07-05-2021,0,5,7
DP.KHAC,86,07-05-2021,18,5,7
HANOI,72,07-05-2021,24,5,7
HOCHIMINH,1,07-05-2021,0,5,7
LONGAN,0,07-05-2021,0,5,7
BINHDUONG,0,08-05-2021,0,5,8
DONGNAI,1,08-05-2021,0,5,8
DP.KHAC,142,08-05-2021,56,5,8
HANOI,98,08-05-2021,26,5,8
HOCHIMINH,1,08-05-2021,0,5,8
LONGAN,0,08-05-2021,0,5,8
BINHDUONG,0,09-05-2021,0,5,9
DONGNAI,1,09-05-2021,0,5,9
DP.KHAC,218,09-05-2021,76,5,9
HANOI,112,09-05-2021,14,5,9
HOCHIMINH,1,09-05-2021,0,5,9
LONGAN,0,09-05-2021,0,5,9
BINHDUONG,0,10-05-2021,0,5,10
DONGNAI,1,10-05-2021,0,5,10
DP.KHAC,311,10-05-2021,93,5,10
HANOI,147,10-05-2021,35,5,10
HOCHIMINH,1,10-05-2021,0,5,10
LONGAN,0,10-05-2021,0,5,10
BINHDUONG,0,11-05-2021,0,5,11
DONGNAI,1,11-05-2021,0,5,11
DP.KHAC,389,11-05-2021,78,5,11
HANOI,152,11-05-2021,5,5,11
HOCHIMINH,1,11-05-2021,0,5,11
LONGAN,0,11-05-2021,0,5,11
BINHDUONG,0,12-05-2021,0,5,12
DONGNAI,1,12-05-2021,0,5,12
DP.KHAC,451,12-05-2021,62,5,12
HANOI,166,12-05-2021,14,5,12
HOCHIMINH,1,12-05-2021,0,5,12
LONGAN,0,12-05-2021,0,5,12
BINHDUONG,0,13-05-2021,0,5,13
DONGNAI,2,13-05-2021,1,5,13
DP.KHAC,529,13-05-2021,78,5,13
HANOI,175,13-05-2021,9,5,13
HOCHIMINH,1,13-05-2021,0,5,13
LONGAN,0,13-05-2021,0,5,13
BINHDUONG,0,14-05-2021,0,5,14
DONGNAI,2,14-05-2021,0,5,14
DP.KHAC,599,14-05-2021,70,5,14
HANOI,201,14-05-2021,26,5,14
HOCHIMINH,1,14-05-2021,0,5,14
LONGAN,0,14-05-2021,0,5,14
BINHDUONG,0,15-05-2021,0,5,15
DONGNAI,2,15-05-2021,0,5,15
DP.KHAC,658,15-05-2021,59,5,15
HANOI,217,15-05-2021,16,5,15
HOCHIMINH,2,15-05-2021,1,5,15
LONGAN,0,15-05-2021,0,5,15
BINHDUONG,0,16-05-2021,0,5,16
DONGNAI,2,16-05-2021,0,5,16
DP.KHAC,939,16-05-2021,281,5,16
HANOI,227,16-05-2021,10,5,16
HOCHIMINH,2,16-05-2021,0,5,16
LONGAN,0,16-05-2021,0,5,16
BINHDUONG,0,17-05-2021,0,5,17
DONGNAI,2,17-05-2021,0,5,17
DP.KHAC,1051,17-05-2021,112,5,17
HANOI,233,17-05-2021,6,5,17
HOCHIMINH,2,17-05-2021,0,5,17
LONGAN,0,17-05-2021,0,5,17
BINHDUONG,0,18-05-2021,0,5,18
DONGNAI,2,18-05-2021,0,5,18
DP.KHAC,1186,18-05-2021,135,5,18
HANOI,253,18-05-2021,20,5,18
HOCHIMINH,3,18-05-2021,1,5,18
LONGAN,0,18-05-2021,0,5,18
BINHDUONG,0,19-05-2021,0,5,19
DONGNAI,2,19-05-2021,0,5,19
DP.KHAC,1277,19-05-2021,91,5,19
HANOI,264,19-05-2021,11,5,19
HOCHIMINH,5,19-05-2021,2,5,19
LONGAN,0,19-05-2021,0,5,19
BINHDUONG,0,20-05-2021,0,5,20
DONGNAI,2,20-05-2021,0,5,20
DP.KHAC,1460,20-05-2021,183,5,20
HANOI,270,20-05-2021,6,5,20
HOCHIMINH,12,20-05-2021,7,5,20
LONGAN,0,20-05-2021,0,5,20
BINHDUONG,0,21-05-2021,0,5,21
DONGNAI,2,21-05-2021,0,5,21
DP.KHAC,1576,21-05-2021,116,5,21
HANOI,273,21-05-2021,3,5,21
HOCHIMINH,12,21-05-2021,0,5,21
LONGAN,0,21-05-2021,0,5,21
BINHDUONG,0,22-05-2021,0,5,22
DONGNAI,2,22-05-2021,0,5,22
DP.KHAC,1710,22-05-2021,134,5,22
HANOI,285,22-05-2021,12,5,22
HOCHIMINH,12,22-05-2021,0,5,22
LONGAN,0,22-05-2021,0,5,22
BINHDUONG,0,23-05-2021,0,5,23
DONGNAI,3,23-05-2021,1,5,23
DP.KHAC,1840,23-05-2021,130,5,23
HANOI,292,23-05-2021,7,5,23
HOCHIMINH,12,23-05-2021,0,5,23
LONGAN,0,23-05-2021,0,5,23
BINHDUONG,0,24-05-2021,0,5,24
DONGNAI,3,24-05-2021,0,5,24
DP.KHAC,2001,24-05-2021,161,5,24
HANOI,319,24-05-2021,27,5,24
HOCHIMINH,13,24-05-2021,1,5,24
LONGAN,0,24-05-2021,0,5,24
BINHDUONG,0,25-05-2021,0,5,25
DONGNAI,3,25-05-2021,0,5,25
DP.KHAC,2420,25-05-2021,419,5,25
HANOI,340,25-05-2021,21,5,25
HOCHIMINH,14,25-05-2021,1,5,25
LONGAN,0,25-05-2021,0,5,25
BINHDUONG,0,26-05-2021,0,5,26
DONGNAI,3,26-05-2021,0,5,26
DP.KHAC,2640,26-05-2021,220,5,26
HANOI,356,26-05-2021,16,5,26
HOCHIMINH,14,26-05-2021,0,5,26
LONGAN,0,26-05-2021,0,5,26
BINHDUONG,0,27-05-2021,0,5,27
DONGNAI,3,27-05-2021,0,5,27
DP.KHAC,2823,27-05-2021,183,5,27
HANOI,363,27-05-2021,7,5,27
HOCHIMINH,15,27-05-2021,1,5,27
LONGAN,0,27-05-2021,0,5,27
BINHDUONG,0,28-05-2021,0,5,28
DONGNAI,3,28-05-2021,0,5,28
DP.KHAC,3050,28-05-2021,227,5,28
HANOI,368,28-05-2021,5,5,28
HOCHIMINH,76,28-05-2021,61,5,28
LONGAN,1,28-05-2021,1,5,28
BINHDUONG,0,29-05-2021,0,5,29
DONGNAI,3,29-05-2021,0,5,29
DP.KHAC,3288,29-05-2021,238,5,29
HANOI,377,29-05-2021,9,5,29
HOCHIMINH,105,29-05-2021,29,5,29
LONGAN,2,29-05-2021,1,5,29
BINHDUONG,0,30-05-2021,0,5,30
DONGNAI,3,30-05-2021,0,5,30
DP.KHAC,3459,30-05-2021,171,5,30
HANOI,397,30-05-2021,20,5,30
HOCHIMINH,115,30-05-2021,10,5,30
LONGAN,3,30-05-2021,1,5,30
BINHDUONG,0,31-05-2021,0,5,31
DONGNAI,3,31-05-2021,0,5,31
DP.KHAC,3636,31-05-2021,177,5,31
HANOI,425,31-05-2021,28,5,31
HOCHIMINH,168,31-05-2021,53,5,31
LONGAN,5,31-05-2021,2,5,31
BINHDUONG,0,01-06-2021,0,6,1
DONGNAI,3,01-06-2021,0,6,1
DP.KHAC,3822,01-06-2021,186,6,1
HANOI,427,01-06-2021,2,6,1
HOCHIMINH,239,01-06-2021,71,6,1
LONGAN,8,01-06-2021,3,6,1
BINHDUONG,0,02-06-2021,0,6,2
DONGNAI,3,02-06-2021,0,6,2
DP.KHAC,3988,02-06-2021,166,6,2
HANOI,435,02-06-2021,8,6,2
HOCHIMINH,270,02-06-2021,31,6,2
LONGAN,8,02-06-2021,0,6,2
BINHDUONG,0,03-06-2021,0,6,3
DONGNAI,3,03-06-2021,0,6,3
DP.KHAC,4202,03-06-2021,214,6,3
HANOI,441,03-06-2021,6,6,3
HOCHIMINH,300,03-06-2021,30,6,3
LONGAN,10,03-06-2021,2,6,3
BINHDUONG,0,04-06-2021,0,6,4
DONGNAI,3,04-06-2021,0,6,4
DP.KHAC,4401,04-06-2021,199,6,4
HANOI,445,04-06-2021,4,6,4
HOCHIMINH,326,04-06-2021,26,6,4
LONGAN,10,04-06-2021,0,6,4
BINHDUONG,0,05-06-2021,0,6,5
DONGNAI,3,05-06-2021,0,6,5
DP.KHAC,4609,05-06-2021,208,6,5
HANOI,447,05-06-2021,2,6,5
HOCHIMINH,357,05-06-2021,31,6,5
LONGAN,10,05-06-2021,0,6,5
BINHDUONG,4,06-06-2021,4,6,6
DONGNAI,3,06-06-2021,0,6,6
DP.KHAC,4776,06-06-2021,167,6,6
HANOI,449,06-06-2021,2,6,6
HOCHIMINH,388,06-06-2021,31,6,6
LONGAN,10,06-06-2021,0,6,6
BINHDUONG,5,07-06-2021,1,6,7
DONGNAI,3,07-06-2021,0,6,7
DP.KHAC,4941,07-06-2021,165,6,7
HANOI,451,07-06-2021,2,6,7
HOCHIMINH,434,07-06-2021,46,6,7
LONGAN,10,07-06-2021,0,6,7
BINHDUONG,5,08-06-2021,0,6,8
DONGNAI,3,08-06-2021,0,6,8
DP.KHAC,5070,08-06-2021,129,6,8
HANOI,454,08-06-2021,3,6,8
HOCHIMINH,473,08-06-2021,39,6,8
LONGAN,10,08-06-2021,0,6,8
BINHDUONG,5,09-06-2021,0,6,9
DONGNAI,3,09-06-2021,0,6,9
DP.KHAC,5407,09-06-2021,337,6,9
HANOI,460,09-06-2021,6,6,9
HOCHIMINH,513,09-06-2021,40,6,9
LONGAN,10,09-06-2021,0,6,9
BINHDUONG,5,10-06-2021,0,6,10
DONGNAI,3,10-06-2021,0,6,10
DP.KHAC,5552,10-06-2021,145,6,10
HANOI,464,10-06-2021,4,6,10
HOCHIMINH,574,10-06-2021,61,6,10
LONGAN,11,10-06-2021,1,6,10
BINHDUONG,5,11-06-2021,0,6,11
DONGNAI,3,11-06-2021,0,6,11
DP.KHAC,5684,11-06-2021,132,6,11
HANOI,470,11-06-2021,6,6,11
HOCHIMINH,622,11-06-2021,48,6,11
LONGAN,11,11-06-2021,0,6,11
BINHDUONG,5,12-06-2021,0,6,12
DONGNAI,3,12-06-2021,0,6,12
DP.KHAC,5860,12-06-2021,176,6,12
HANOI,470,12-06-2021,0,6,12
HOCHIMINH,706,12-06-2021,84,6,12
LONGAN,11,12-06-2021,0,6,12
BINHDUONG,6,13-06-2021,1,6,13
DONGNAI,3,13-06-2021,0,6,13
DP.KHAC,6044,13-06-2021,184,6,13
HANOI,472,13-06-2021,2,6,13
HOCHIMINH,801,13-06-2021,95,6,13
LONGAN,11,13-06-2021,0,6,13
BINHDUONG,10,14-06-2021,4,6,14
DONGNAI,3,14-06-2021,0,6,14
DP.KHAC,6221,14-06-2021,177,6,14
HANOI,476,14-06-2021,4,6,14
HOCHIMINH,883,14-06-2021,82,6,14
LONGAN,11,14-06-2021,0,6,14
BINHDUONG,22,15-06-2021,12,6,15
DONGNAI,3,15-06-2021,0,6,15
DP.KHAC,6516,15-06-2021,295,6,15
HANOI,477,15-06-2021,1,6,15
HOCHIMINH,973,15-06-2021,90,6,15
LONGAN,11,15-06-2021,0,6,15
BINHDUONG,22,16-06-2021,0,6,16
DONGNAI,3,16-06-2021,0,6,16
DP.KHAC,6826,16-06-2021,310,6,16
HANOI,484,16-06-2021,7,6,16
HOCHIMINH,1072,16-06-2021,99,6,16
LONGAN,11,16-06-2021,0,6,16
BINHDUONG,29,17-06-2021,7,6,17
DONGNAI,3,17-06-2021,0,6,17
DP.KHAC,7182,17-06-2021,356,6,17
HANOI,487,17-06-2021,3,6,17
HOCHIMINH,1209,17-06-2021,137,6,17
LONGAN,11,17-06-2021,0,6,17
BINHDUONG,41,18-06-2021,12,6,18
DONGNAI,3,18-06-2021,0,6,18
DP.KHAC,7281,18-06-2021,99,6,18
HANOI,488,18-06-2021,1,6,18
HOCHIMINH,1358,18-06-2021,149,6,18
LONGAN,11,18-06-2021,0,6,18
BINHDUONG,71,19-06-2021,30,6,19
DONGNAI,5,19-06-2021,2,6,19
DP.KHAC,7578,19-06-2021,297,6,19
HANOI,489,19-06-2021,1,6,19
HOCHIMINH,1462,19-06-2021,104,6,19
LONGAN,17,19-06-2021,6,6,19
BINHDUONG,85,20-06-2021,14,6,20
DONGNAI,5,20-06-2021,0,6,20
DP.KHAC,7737,20-06-2021,159,6,20
HANOI,491,20-06-2021,2,6,20
HOCHIMINH,1630,20-06-2021,168,6,20
LONGAN,17,20-06-2021,0,6,20
BINHDUONG,106,21-06-2021,21,6,21
DONGNAI,5,21-06-2021,0,6,21
DP.KHAC,7814,21-06-2021,77,6,21
HANOI,495,21-06-2021,4,6,21
HOCHIMINH,1796,21-06-2021,166,6,21
LONGAN,17,21-06-2021,0,6,21
BINHDUONG,139,22-06-2021,33,6,22
DONGNAI,6,22-06-2021,1,6,22
DP.KHAC,7872,22-06-2021,58,6,22
HANOI,497,22-06-2021,2,6,22
HOCHIMINH,1869,22-06-2021,73,6,22
LONGAN,18,22-06-2021,1,6,22
BINHDUONG,162,23-06-2021,23,6,23
DONGNAI,6,23-06-2021,0,6,23
DP.KHAC,7907,23-06-2021,35,6,23
HANOI,497,23-06-2021,0,6,23
HOCHIMINH,2023,23-06-2021,154,6,23
LONGAN,23,23-06-2021,5,6,23
BINHDUONG,189,24-06-2021,27,6,24
DONGNAI,6,24-06-2021,0,6,24
DP.KHAC,7996,24-06-2021,89,6,24
HANOI,497,24-06-2021,0,6,24
HOCHIMINH,2246,24-06-2021,223,6,24
LONGAN,25,24-06-2021,2,6,24
BINHDUONG,219,25-06-2021,30,6,25
DONGNAI,6,25-06-2021,0,6,25
DP.KHAC,8068,25-06-2021,72,6,25
HANOI,498,25-06-2021,1,6,25
HOCHIMINH,2970,25-06-2021,724,6,25
LONGAN,47,25-06-2021,22,6,25
BINHDUONG,224,26-06-2021,5,6,26
DONGNAI,6,26-06-2021,0,6,26
DP.KHAC,8155,26-06-2021,87,6,26
HANOI,499,26-06-2021,1,6,26
HOCHIMINH,2970,26-06-2021,0,6,26
LONGAN,54,26-06-2021,7,6,26
BINHDUONG,260,27-06-2021,36,6,27
DONGNAI,6,27-06-2021,0,6,27
DP.KHAC,8276,27-06-2021,121,6,27
HANOI,501,27-06-2021,2,6,27
HOCHIMINH,3133,27-06-2021,163,6,27
LONGAN,61,27-06-2021,7,6,27
BINHDUONG,300,28-06-2021,40,6,28
DONGNAI,17,28-06-2021,11,6,28
DP.KHAC,8385,28-06-2021,109,6,28
HANOI,501,28-06-2021,0,6,28
HOCHIMINH,3446,28-06-2021,313,6,28
LONGAN,67,28-06-2021,6,6,28
BINHDUONG,300,29-06-2021,0,6,29
DONGNAI,21,29-06-2021,4,6,29
DP.KHAC,8539,29-06-2021,154,6,29
HANOI,501,29-06-2021,0,6,29
HOCHIMINH,3558,29-06-2021,112,6,29
LONGAN,79,29-06-2021,12,6,29
BINHDUONG,405,30-06-2021,105,6,30
DONGNAI,33,30-06-2021,12,6,30
DP.KHAC,8658,30-06-2021,119,6,30
HANOI,501,30-06-2021,0,6,30
HOCHIMINH,3850,30-06-2021,292,6,30
LONGAN,80,30-06-2021,1,6,30
BINHDUONG,495,01-07-2021,90,7,1
DONGNAI,33,01-07-2021,0,7,1
DP.KHAC,8773,01-07-2021,115,7,1
HANOI,502,01-07-2021,1,7,1
HOCHIMINH,4314,01-07-2021,464,7,1
LONGAN,108,01-07-2021,28,7,1
BINHDUONG,508,02-07-2021,13,7,2
DONGNAI,38,02-07-2021,5,7,2
DP.KHAC,8857,02-07-2021,84,7,2
HANOI,502,02-07-2021,0,7,2
HOCHIMINH,4733,02-07-2021,419,7,2
LONGAN,115,02-07-2021,7,7,2
BINHDUONG,546,03-07-2021,38,7,3
DONGNAI,70,03-07-2021,32,7,3
DP.KHAC,8987,03-07-2021,130,7,3
HANOI,502,03-07-2021,0,7,3
HOCHIMINH,5447,03-07-2021,714,7,3
LONGAN,117,03-07-2021,2,7,3
BINHDUONG,633,04-07-2021,87,7,4
DONGNAI,70,04-07-2021,0,7,4
DP.KHAC,9109,04-07-2021,122,7,4
HANOI,502,04-07-2021,0,7,4
HOCHIMINH,6017,04-07-2021,570,7,4
LONGAN,189,04-07-2021,72,7,4
BINHDUONG,764,05-07-2021,131,7,5
DONGNAI,71,05-07-2021,1,7,5
DP.KHAC,9391,05-07-2021,282,7,5
HANOI,502,05-07-2021,0,7,5
HOCHIMINH,6687,05-07-2021,670,7,5
LONGAN,204,05-07-2021,15,7,5
BINHDUONG,856,06-07-2021,92,7,6
DONGNAI,90,06-07-2021,19,7,6
DP.KHAC,9586,06-07-2021,195,7,6
HANOI,514,06-07-2021,12,7,6
HOCHIMINH,7397,06-07-2021,710,7,6
LONGAN,217,06-07-2021,13,7,6
BINHDUONG,996,07-07-2021,140,7,7
DONGNAI,92,07-07-2021,2,7,7
DP.KHAC,9734,07-07-2021,148,7,7
HANOI,518,07-07-2021,4,7,7
HOCHIMINH,8597,07-07-2021,1200,7,7
LONGAN,236,07-07-2021,19,7,7
BINHDUONG,1051,08-07-2021,55,7,8
DONGNAI,92,08-07-2021,0,7,8
DP.KHAC,9986,08-07-2021,252,7,8
HANOI,523,08-07-2021,5,7,8
HOCHIMINH,9078,08-07-2021,481,7,8
LONGAN,236,08-07-2021,0,7,8
BINHDUONG,1124,09-07-2021,73,7,9
DONGNAI,124,09-07-2021,32,7,9
DP.KHAC,10186,09-07-2021,200,7,9
HANOI,525,09-07-2021,2,7,9
HOCHIMINH,10307,09-07-2021,1229,7,9
LONGAN,313,09-07-2021,77,7,9
BINHDUONG,1264,10-07-2021,140,7,10
DONGNAI,161,10-07-2021,37,7,10
DP.KHAC,10518,10-07-2021,332,7,10
HANOI,532,10-07-2021,7,7,10
HOCHIMINH,11627,10-07-2021,1320,7,10
LONGAN,346,10-07-2021,33,7,10
BINHDUONG,1498,11-07-2021,234,7,11
DONGNAI,161,11-07-2021,0,7,11
DP.KHAC,10767,11-07-2021,249,7,11
HANOI,539,11-07-2021,7,7,11
HOCHIMINH,13024,11-07-2021,1397,7,11
LONGAN,392,11-07-2021,46,7,11
BINHDUONG,1626,12-07-2021,128,7,12
DONGNAI,243,12-07-2021,82,7,12
DP.KHAC,11129,12-07-2021,362,7,12
HANOI,568,12-07-2021,29,7,12
HOCHIMINH,14788,12-07-2021,1764,7,12
LONGAN,392,12-07-2021,0,7,12
BINHDUONG,1812,13-07-2021,186,7,13
DONGNAI,255,13-07-2021,12,7,13
DP.KHAC,11294,13-07-2021,165,7,13
HANOI,576,13-07-2021,8,7,13
HOCHIMINH,16585,13-07-2021,1797,7,13
LONGAN,522,13-07-2021,130,7,13
BINHDUONG,1812,14-07-2021,0,7,14
DONGNAI,335,14-07-2021,80,7,14
DP.KHAC,11793,14-07-2021,499,7,14
HANOI,582,14-07-2021,6,7,14
HOCHIMINH,18222,14-07-2021,1637,7,14
LONGAN,522,14-07-2021,0,7,14
BINHDUONG,2007,15-07-2021,195,7,15
DONGNAI,505,15-07-2021,170,7,15
DP.KHAC,12182,15-07-2021,389,7,15
HANOI,600,15-07-2021,18,7,15
HOCHIMINH,21505,15-07-2021,3283,7,15
LONGAN,563,15-07-2021,41,7,15
BINHDUONG,2060,16-07-2021,53,7,16
DONGNAI,577,16-07-2021,72,7,16
DP.KHAC,12637,16-07-2021,455,7,16
HANOI,606,16-07-2021,6,7,16
HOCHIMINH,22576,16-07-2021,1071,7,16
LONGAN,563,16-07-2021,0,7,16
BINHDUONG,2297,17-07-2021,237,7,17
DONGNAI,684,17-07-2021,107,7,17
DP.KHAC,13400,17-07-2021,763,7,17
HANOI,621,17-07-2021,15,7,17
HOCHIMINH,27337,17-07-2021,4761,7,17
LONGAN,697,17-07-2021,134,7,17
BINHDUONG,2642,18-07-2021,345,7,18
DONGNAI,831,18-07-2021,147,7,18
DP.KHAC,13986,18-07-2021,586,7,18
HANOI,670,18-07-2021,49,7,18
HOCHIMINH,31420,18-07-2021,4083,7,18
LONGAN,786,18-07-2021,89,7,18
BINHDUONG,3145,19-07-2021,503,7,19
DONGNAI,985,19-07-2021,154,7,19
DP.KHAC,14364,19-07-2021,378,7,19
HANOI,714,19-07-2021,44,7,19
HOCHIMINH,34494,19-07-2021,3074,7,19
LONGAN,823,19-07-2021,37,7,19
BINHDUONG,3723,20-07-2021,578,7,20
DONGNAI,1147,20-07-2021,162,7,20
DP.KHAC,14996,20-07-2021,632,7,20
HANOI,754,20-07-2021,40,7,20
HOCHIMINH,37816,20-07-2021,3322,7,20
LONGAN,869,20-07-2021,46,7,20
BINHDUONG,4687,21-07-2021,964,7,21
DONGNAI,1332,21-07-2021,185,7,21
DP.KHAC,15567,21-07-2021,571,7,21
HANOI,797,21-07-2021,43,7,21
HOCHIMINH,42948,21-07-2021,5132,7,21
LONGAN,1065,21-07-2021,196,7,21
BINHDUONG,5366,22-07-2021,679,7,22
DONGNAI,1527,22-07-2021,195,7,22
DP.KHAC,16202,22-07-2021,635,7,22
HANOI,847,22-07-2021,50,7,22
HOCHIMINH,47421,22-07-2021,4473,7,22
LONGAN,1561,22-07-2021,496,7,22
BINHDUONG,5974,23-07-2021,608,7,23
DONGNAI,1744,23-07-2021,217,7,23
DP.KHAC,17084,23-07-2021,882,7,23
HANOI,916,23-07-2021,69,7,23
HOCHIMINH,50515,23-07-2021,3094,7,23
LONGAN,1963,23-07-2021,402,7,23
BINHDUONG,6759,24-07-2021,785,7,24
DONGNAI,1965,24-07-2021,221,7,24
DP.KHAC,20999,24-07-2021,3915,7,24
HANOI,935,24-07-2021,19,7,24
HOCHIMINH,53843,24-07-2021,3328,7,24
LONGAN,2943,24-07-2021,980,7,24
BINHDUONG,7640,25-07-2021,881,7,25
DONGNAI,2099,25-07-2021,134,7,25
DP.KHAC,22230,25-07-2021,1231,7,25
HANOI,940,25-07-2021,5,7,25
HOCHIMINH,56184,25-07-2021,2341,7,25
LONGAN,2943,25-07-2021,0,7,25
BINHDUONG,8741,26-07-2021,1101,7,26
DONGNAI,2477,26-07-2021,378,7,26
DP.KHAC,23248,26-07-2021,1018,7,26
HANOI,1025,26-07-2021,85,7,26
HOCHIMINH,64410,26-07-2021,8226,7,26
LONGAN,2943,26-07-2021,0,7,26
BINHDUONG,8907,27-07-2021,166,7,27
DONGNAI,2716,27-07-2021,239,7,27
DP.KHAC,24356,27-07-2021,1108,7,27
HANOI,1049,27-07-2021,24,7,27
HOCHIMINH,70728,27-07-2021,6318,7,27
LONGAN,2990,27-07-2021,47,7,27
BINHDUONG,9538,28-07-2021,631,7,28
DONGNAI,2987,28-07-2021,271,7,28
DP.KHAC,25378,28-07-2021,1022,7,28
HANOI,1119,28-07-2021,70,7,28
HOCHIMINH,75177,28-07-2021,4449,7,28
LONGAN,2990,28-07-2021,0,7,28
BINHDUONG,10682,29-07-2021,1144,7,29
DONGNAI,3312,29-07-2021,325,7,29
DP.KHAC,26452,29-07-2021,1074,7,29
HANOI,1178,29-07-2021,59,7,29
HOCHIMINH,79769,29-07-2021,4592,7,29
LONGAN,3489,29-07-2021,499,7,29
BINHDUONG,12602,30-07-2021,1920,7,30
DONGNAI,3672,30-07-2021,360,7,30
DP.KHAC,27887,30-07-2021,1435,7,30
HANOI,1322,30-07-2021,144,7,30
HOCHIMINH,85109,30-07-2021,5340,7,30
LONGAN,3958,30-07-2021,469,7,30
BINHDUONG,14677,31-07-2021,2075,7,31
DONGNAI,4128,31-07-2021,456,7,31
DP.KHAC,29096,31-07-2021,1209,7,31
HANOI,1368,31-07-2021,46,7,31
HOCHIMINH,86554,31-07-2021,1445,7,31
LONGAN,4502,31-07-2021,544,7,31
BINHDUONG,16856,01-08-2021,2179,8,1
DONGNAI,4553,01-08-2021,425,8,1
DP.KHAC,30345,01-08-2021,1249,8,1
HANOI,1449,01-08-2021,81,8,1
HOCHIMINH,90258,01-08-2021,3704,8,1
LONGAN,5071,01-08-2021,569,8,1
BINHDUONG,17805,02-08-2021,949,8,2
DONGNAI,4933,02-08-2021,380,8,2
DP.KHAC,31760,02-08-2021,1415,8,2
HANOI,1609,02-08-2021,160,8,2
HOCHIMINH,96547,02-08-2021,6289,8,2
LONGAN,5516,02-08-2021,445,8,2
BINHDUONG,19411,03-08-2021,1606,8,3
DONGNAI,5297,03-08-2021,364,8,3
DP.KHAC,33332,03-08-2021,1572,8,3
HANOI,1707,03-08-2021,98,8,3
HOCHIMINH,100718,03-08-2021,4171,8,3
LONGAN,6082,03-08-2021,566,8,3
BINHDUONG,21554,04-08-2021,2143,8,4
DONGNAI,5686,04-08-2021,389,8,4
DP.KHAC,34667,04-08-2021,1335,8,4
HANOI,1731,04-08-2021,24,8,4
HOCHIMINH,104018,04-08-2021,3300,8,4
LONGAN,6509,04-08-2021,427,8,4
BINHDUONG,22376,05-08-2021,822,8,5
DONGNAI,6044,05-08-2021,358,8,5
DP.KHAC,36055,05-08-2021,1388,8,5
HANOI,1800,05-08-2021,69,8,5
HOCHIMINH,107904,05-08-2021,3886,8,5
LONGAN,7224,05-08-2021,715,8,5
BINHDUONG,23545,06-08-2021,1169,8,6
DONGNAI,6598,06-08-2021,554,8,6
DP.KHAC,37593,06-08-2021,1538,8,6
HANOI,1914,06-08-2021,114,8,6
HOCHIMINH,111964,06-08-2021,4060,8,6
LONGAN,8083,06-08-2021,859,8,6
BINHDUONG,24427,07-08-2021,882,8,7
DONGNAI,7307,07-08-2021,709,8,7
DP.KHAC,39051,07-08-2021,1458,8,7
HANOI,1926,07-08-2021,12,8,7
HOCHIMINH,115894,07-08-2021,3930,8,7
LONGAN,8450,07-08-2021,367,8,7
BINHDUONG,27637,08-08-2021,3210,8,8
DONGNAI,7921,08-08-2021,614,8,8
DP.KHAC,40177,08-08-2021,1126,8,8
HANOI,2040,08-08-2021,114,8,8
HOCHIMINH,119792,08-08-2021,3898,8,8
LONGAN,9174,08-08-2021,724,8,8
BINHDUONG,30524,09-08-2021,2887,8,9
DONGNAI,8459,09-08-2021,538,8,9
DP.KHAC,41719,09-08-2021,1542,8,9
HANOI,2118,09-08-2021,78,8,9
HOCHIMINH,123783,09-08-2021,3991,8,9
LONGAN,9461,09-08-2021,287,8,9
BINHDUONG,31849,10-08-2021,1325,8,10
DONGNAI,9191,10-08-2021,732,8,10
DP.KHAC,43140,10-08-2021,1421,8,10
HANOI,2179,10-08-2021,61,8,10
HOCHIMINH,127739,10-08-2021,3956,8,10
LONGAN,10351,10-08-2021,890,8,10
BINHDUONG,33746,11-08-2021,1897,8,11
DONGNAI,10170,11-08-2021,979,8,11
DP.KHAC,44616,11-08-2021,1476,8,11
HANOI,2219,11-08-2021,40,8,11
HOCHIMINH,131155,11-08-2021,3416,8,11
LONGAN,11314,11-08-2021,963,8,11
BINHDUONG,36774,12-08-2021,3028,8,12
DONGNAI,11241,12-08-2021,1071,8,12
DP.KHAC,45878,12-08-2021,1262,8,12
HANOI,2297,12-08-2021,78,8,12
HOCHIMINH,134996,12-08-2021,3841,8,12
LONGAN,11668,12-08-2021,354,8,12
BINHDUONG,36774,13-08-2021,0,8,13
DONGNAI,11241,13-08-2021,0,8,13
DP.KHAC,46301,13-08-2021,423,8,13
HANOI,2299,13-08-2021,2,8,13
HOCHIMINH,134996,13-08-2021,0,8,13
LONGAN,11668,13-08-2021,0,8,13
